{
  "name": "ESP8266_ISR_Servo",
  "version": "1.3.0",
  "keywords": "timing, device, control, timer, interrupt, isr, isr-based, isr-servo, hardware-timer, mission-critical, accuracy, precise, non-blocking, hardware, servo, ESP8266, servo-control, multi-servo",
  "description": "This library enables you to use 1 Hardware Timer on an ESP8266-based board to control up to 16 or more servo motors.",
  "authors":
  {
    "name":  "Khoi Hoang",
    "url":   "https://github.com/khoih-prog",
    "maintainer": true
  },
  "repository":
  {
    "type": "git",
    "url": "https://github.com/khoih-prog/ESP8266_ISR_Servo"
  },
  "homepage": "https://github.com/khoih-prog",
  "export": {
    "exclude": [
      "linux",
      "extras",
      "tests"
    ]
  },
  "license": "MIT",
  "frameworks": "arduino",
  "platforms":  "esp8266",
  "examples": "examples/*/*/*.ino",
  "headers": ["ESP8266_ISR_Servo.h","ESP8266_ISR_Servo.hpp"]
}
